Matt Nelson,"Illinois, United States",25
seanb,Australia,76
The Chairman,"Teresina, Brazil",30
Caleb Huitt - cjhuitt,Iowa,87
flytzen,United Kingdom,65
Lars Corneliussen,"Waltrop, Germany",64
Ray Jenkins,"Salt Lake City, UT",77
Rippo,United Kingdom,51
JamesWampler,"Bainbridge Island, WA, USA",40
Alex,"Toulouse, France",79
Brian Hodge,California,81
Tiendil,"Minsk, Belarus",52
user26145,,40
user33994,,23
Cohen,Belgium,85
Thorvaldur,,22
Jas Panesar,Canada,20
cordellcp3,Germany,37
ZaQ,Indonesia,89
jimx,United States,51
debugme,,73
greggles,"Denver, CO, USA",57
Steve Lucord,,47
Frank Henard,"Bloomington, IL, USA",23
user61721,,61
ivanceras,"Cebu, Philippines",70
Brian,"Denver, CO, USA",41
Tony Arnold,"Newcastle, New South Wales, Australia",43
David Read,,83
Duane,"Los Angeles, CA, United States",88
Andriy Volkov,United States,78
Julien Duponchelle,France,62
Ryan,Hong Kong,32
peacewise,,37
John Vottero,"Bexley, OH",29
fwoncn,,72
Manish Basantani,"London, United Kingdom",82
harshalb,India,85
Phillip Benages,Indiana,33
SKSK,,75
salathe,"Edinburgh, United Kingdom",67
Alex,"Sofia, Bulgaria",64
Patrick,"Malmo, Sweden",47
humble_coder,,47
Nave,,58
Ann Addicks,Georgia,67
Michael Mior,"Rochester, NY, USA",40
homebrew2k9,"Boston, MA",67
Scott Lewis,"Riverton, UT",37
zkcro,,62
Yusuf,"Ankara, TÃ¼rkiye",47
Ian,,83
stringo0,"Waterloo, ON, Canada",56
Christian,New York City,27
pyko,,52
Vadym Chekan,,83
Sebastian Ullrich,,40
timc,"New York, NY",44
Justin Bailey,,63
Jackson Davis,,57
Jessica,,27
Mike,,41
madan,"West Des Moines, IA",37
user192629,,40
ponkin,Russia,28
morgan freeman,Romania,74
Adam Miller,Texas,37
chrw,"Stuttgart, Germany",45
S.R.I,,88
Dave Kirby,"London, United Kingdom",64
Loupax,Greece,53
oliver31,Switzerland,33
Kaymatrix,"Chennai, Tamil Nadu, India",30
Kamil Klimek,"Warsaw, Poland",27
Nick Knowlson,Canada,77
rob,"Chico, CA, United States",44
Bree,,31
anish mohan,,38
Daniel P,,49
Alan,"Ottawa, Canada",55
anal,"Thiruvananthapuram, India",51
Thomas Eding,United States,44
JosiP,,44
Ololo,Ukraine,52
half-a-nerd,"Helsingborg, Sweden",49
Beertastic,"London, United Kingdom",43
Kenji Hollis,,24
ahmed,,59
ruchirhhi,,78
msheshtawy,"Cairo, Egypt",53
Diego Tori,,25
taxman,,81
SShehab,,28
waldyrious,"Braga, Portugal",29
Thomas Kelley,,77
watermanio,Southampton,72
Michael Timoshin,"Petakh Tikwa, Israel",67
Reinstate Monica - Goodbye SE,Earth,36
jantobola,Czech Republic,79
Tal,,36